True Positives,236
False Positives,9
False Negatives,7
True Negatives,38
Accuracy,0.9448275862068966
Precision,0.963265306122449
Recall,0.9711934156378601
F1_score,0.9672131147540984
