,TN,FP,FN,TP,accuracy,precision,recall,f1_score
2nd vocabulary:,27,9,7,247,0.9448275862068966,0.96484375,0.9724409448818898,0.9686274509803922
