,TN,FP,FN,TP,accuracy,precision,recall,f1_score
1st vocabulary:,36,7,5,242,0.9586206896551724,0.9718875502008032,0.979757085020243,0.9758064516129032
